
CREATE TABLE THEMEPARK (
 PARK_CODE VARCHAR(10) PRIMARY KEY,
 PARK_NAME VARCHAR(35) NOT NULL,
 PARK_CITY VARCHAR(50) NOT NULL,
 PARK_COUNTRY CHAR(2) NOT NULL); 
 
CREATE TABLE EMPLOYEE (
 EMP_NUM NUMERIC(4) PRIMARY KEY,
 EMP_TITLE VARCHAR(4),
 EMP_LNAME VARCHAR(15) NOT NULL,
 EMP_FNAME VARCHAR(15) NOT NULL,
 EMP_DOB DATE NOT NULL,
 EMP_HIRE_DATE DATE,
 EMP_AREA_CODE VARCHAR(4) NOT NULL,
 EMP_PHONE VARCHAR(12) NOT NULL,
 PARK_CODE VARCHAR(10),
 CONSTRAINT FK_EMP_PARK FOREIGN KEY(PARK_CODE)
 REFERENCES THEMEPARK(PARK_CODE)); 
 
CREATE TABLE TICKET (
 TICKET_NO NUMERIC(10) PRIMARY KEY,
 TICKET_PRICE NUMERIC(4,2) DEFAULT 00.00 NOT NULL,
 TICKET_TYPE VARCHAR(10),
 PARK_CODE VARCHAR(10),
 CONSTRAINT FK_TICKET_PARK FOREIGN KEY(PARK_CODE)
 REFERENCES THEMEPARK(PARK_CODE));
 
CREATE TABLE ATTRACTION (
 ATTRACT_NO NUMERIC(10) PRIMARY KEY,
 ATTRACT_NAME VARCHAR(35),
 ATTRACT_AGE NUMERIC(3) DEFAULT 0 NOT NULL,
 ATTRACT_CAPACITY NUMERIC(3) NOT NULL,
 PARK_CODE VARCHAR(10),
 CONSTRAINT FK_ATTRACT_PARK FOREIGN KEY(PARK_CODE)
 REFERENCES THEMEPARK(PARK_CODE));
 
CREATE TABLE HOURS (
 EMP_NUM NUMERIC(4),
 ATTRACT_NO NUMERIC(10),
 HOURS_PER_ATTRACT NUMERIC(2) NOT NULL,
 HOUR_RATE NUMERIC(4,2) NOT NULL,
 DATE_WORKED DATE NOT NULL,
 CONSTRAINT PK_HOURS PRIMARY KEY(EMP_NUM, ATTRACT_NO, DATE_WORKED),
 CONSTRAINT FK_HOURS_EMP FOREIGN KEY (EMP_NUM)
 REFERENCES EMPLOYEE(EMP_NUM),
 CONSTRAINT FK_HOURS_ATTRACT FOREIGN KEY (ATTRACT_NO)
 REFERENCES ATTRACTION(ATTRACT_NO));
 
INSERT INTO THEMEPARK VALUES ('FR1001','FairyLand','PARIS','FR');
INSERT INTO THEMEPARK VALUES ('NL1202','Efling','NOORD','NL');
INSERT INTO THEMEPARK VALUES ('SP4533','AdventurePort','BARCELONA','SP');
INSERT INTO THEMEPARK VALUES ('SW2323','Labyrinthe','LAUSANNE','SW');
INSERT INTO THEMEPARK VALUES ('UK2622','MiniLand','WINDSOR','UK');
INSERT INTO THEMEPARK VALUES ('UK3452','PleasureLand','STOKE','UK');
INSERT INTO THEMEPARK VALUES ('ZA1342','GoldTown','JOHANNESBURG','ZA'); 

/* Employee rows */
INSERT INTO EMPLOYEE VALUES (100,'Ms','Calderdale','Emma','1972-06-15','1992-03-15','0181','324-9134','FR1001');
INSERT INTO EMPLOYEE VALUES (101,'Ms','Ricardo','Marshel','1978-03-19','1996-04-25','0181','324-4472','UK3452');
INSERT INTO EMPLOYEE VALUES (102,'Mr','Arshad','Arif','1969-11-14','1990-12-20','7253','675-8993','FR1001');
INSERT INTO EMPLOYEE VALUES (103,'Ms','Roberts','Anne','1974-10-16','1994-08-16','0181','898-3456','UK3452');
INSERT INTO EMPLOYEE VALUES (104,'Mr','Denver','Enrica','1980-11-08','2001-10-20','7253','504-4434','ZA1342');
INSERT INTO EMPLOYEE VALUES (105,'Ms','Namowa','Mirrelle','1990-03-14','2006-11-08','0181','890-3243','FR1001');
INSERT INTO EMPLOYEE VALUES (106,'Mrs','Smith','Gemma','1968-02-12','1989-01-05','0181','324-7845','ZA1342'); 

/* Ticket rows */
INSERT INTO TICKET VALUES (11001,24.99,'Adult', 'SP4533');
INSERT INTO TICKET VALUES (11002,14.99,'Child', 'SP4533');
INSERT INTO TICKET VALUES (11003,10.99,'Senior','SP4533');
INSERT INTO TICKET VALUES (13001,18.99,'Child','FR1001');
INSERT INTO TICKET VALUES (13002,34.99,'Adult','FR1001');
INSERT INTO TICKET VALUES (13003,20.99,'Senior','FR1001');
INSERT INTO TICKET VALUES (67832,18.56,'Child','ZA1342');
INSERT INTO TICKET VALUES (67833,28.67,'Adult','ZA1342');
INSERT INTO TICKET VALUES (67855,12.12,'Senior','ZA1342');
INSERT INTO TICKET VALUES (88567,22.50,'Child','UK3452');
INSERT INTO TICKET VALUES (88568,42.10,'Adult','UK3452');
INSERT INTO TICKET VALUES (89720,10.99,'Senior','UK3452');

/* Attraction rows */
INSERT INTO ATTRACTION VALUES (10034,'ThunderCoaster',11,34,'FR1001');
INSERT INTO ATTRACTION VALUES (10056,'SpinningTeacups',4,62,'FR1001');
INSERT INTO ATTRACTION VALUES (10067,'FlightToStars',11,24,'FR1001');
INSERT INTO ATTRACTION VALUES (10078,'Ant-Trap',23,30,'FR1001');
INSERT INTO ATTRACTION VALUES (10098,'Carnival',3,120,'FR1001');
INSERT INTO ATTRACTION VALUES (20056,'3DLego_Show',3,200,'UK3452');
INSERT INTO ATTRACTION VALUES (30011,'BlackHole2',12,34,'UK3452');
INSERT INTO ATTRACTION VALUES (30012,'Pirates',10,42,'UK3452');
INSERT INTO ATTRACTION VALUES (30044,'UnderSeaWord',4,80,'UK3452');
INSERT INTO ATTRACTION VALUES (98764,'GoldRush',5,80,'ZA1342'); 

/* Attraction with no name */
INSERT INTO ATTRACTION VALUES (10082,NULL,10,40,'ZA1342');
/* hours rows */
INSERT INTO HOURS VALUES (100,10034,6,6.5,'2007-05-18');
INSERT INTO HOURS VALUES (100,10034,6,6.5,'2007-05-20');
INSERT INTO HOURS VALUES (101,10034,6,6.5,'2007-05-18');
INSERT INTO HOURS VALUES (102,30012,3,5.99,'2007-05-23');
INSERT INTO HOURS VALUES (102,30044,6,5.99,'2007-05-21');
INSERT INTO HOURS VALUES (102,30044,3,5.99,'2007-05-22');
INSERT INTO HOURS VALUES (104,30011,6,7.2,'2007-05-21');
INSERT INTO HOURS VALUES (104,30012,6,7.2,'2007-05-22');
INSERT INTO HOURS VALUES (105,10078,3,8.5,'2007-05-18');
INSERT INTO HOURS VALUES (105,10098,3,8.5,'2007-05-18');
INSERT INTO HOURS VALUES (105,10098,6,8.5,'2007-05-19'); 